id, url
594f8929-7e3e-4fd3-8cc8-f66800a46108, https://plikimpi.krakow.pl/zalacznik/333996/4.jpg
015fcb72-0df8-46a7-99fb-a0729f283cc6, https://www.wib.org.pl/wp-content/uploads/2024/02/seniorzy-01-1920x1058-1-1200x675.jpg
46ea7378-d05c-4453-85bc-0fb553068a8a, https://greendeal2021.pl/_next/image?url=https%3A%2F%2Ffrpyol0mhkke.compat.objectstorage.eu-frankfurt-1.oraclecloud.com%2Fblogcms-assets%2Fthumbnail%2FsxYXZJDjPA7VXF1fFdfEZNFT3LYkpN%2F740b275b30027f89ebd0a6bcb4094ba8.webp&w=1080&q=75
8f41b81d-84ef-4bea-b28c-86a73dd23286, https://static.polityka.pl/_resource/res/path/96/fe/96fe7246-df1c-4c22-a102-29c517cd9428
1225acdf-f309-4b2a-92e2-71a05bdcf89f, https://encrypted-tbn0.gstatic.com/images?q=tbn:ANd9GcQTv1Xzw4O-rs2GeTJFEtOoToQJH0KbFAB7pg&s
ed39a7ab-9153-4ea5-91c0-d367a4ba974e, https://gfx.dlastudenta.pl/photos/Muzyka_nowa/Koncerty_2025/festiwal.jpg
7292b0ef-a0f9-4211-8826-b81e8f4b5cae, https://bieganie.pl/wp-content/uploads/2023/10/nbrc-677x565.jpeg
9a3441d0-23b3-4f9b-b40e-d1b3471dec0c, https://kt-legaltrans.pl/wp-content/uploads/2021/08/AdobeStock_186721991-scaled-1.jpeg
b53ad3f5-3a5b-44e5-b044-26b264e57645, https://tvn24.pl/_e/i/tvnwarszawa/najnowsze/cdn-zdjecie-3186543-zimowe-sprzatanie-wisly-ph8215936/alternates/WEBP_LANDSCAPE_320
bb643aef-355a-41f8-8761-e2e49152fc68, https://www.nasze.fm/news,45673,foto,0001
03415c50-6b60-4c05-a94a-282229eca509, https://miastolimanowa.pl/wp-content/uploads/2020/12/urzad-700x466-1.jpg
dc61809d-8241-4c44-b287-97e9fa3f3074, https://zywapracownia.pl/wp-content/uploads/2021/07/kurs-serwisowania-rowerow_spoleczny-warsztat-rowerowy-1.jpg
a88baa9c-e298-4d7b-a033-fb12a6b74c2b, https://static.wixstatic.com/media/11062b_d7dcb609157d417f892ffbd391082154~mv2.jpg/v1/fill/w_1000,h_655,al_c,q_85,usm_0.66_1.00_0.01/11062b_d7dcb609157d417f892ffbd391082154~mv2.jpg
91de7e3d-e620-4191-a2b6-b3f072c14076, https://www.vidaron.pl/_userfiles/guides/roznorodne_rosliny_w_ogrodzie.jpg
